Nr readers, Nr workers,Timp executie total
Secvential,cu timpul,344.3
1,3,815.4
1,5,815.1
1,7,815.7
1,15,831
2,2,763.3
2,4,772.4
2,6,774.4
2,14,778.3
Secvential,cu timpul,355.666666666667
1,3,840.333333333333
1,5,840.333333333333
1,7,832.666666666667
1,15,835.333333333333
2,2,792.666666666667
2,4,781.666666666667
2,6,792
2,14,799
