Tip Matrice,Nr procese,Timp executie total, Timp executie calcule
N=M=1000, p=5,5,3392.58962,1311.69897
N=M=1000, p=9,9,3531.07461,1569.86327
N=M=1000, p=21,21,3532.54039,1669.73427
